created_at;id_str;full_text;quote_count;reply_count;retweet_count;favorite_count;lang;user_id_str;conversation_id_str;username;tweet_url,,,,,,
Mon Jan 17 07:39:00 +0000 2022;1482980762400227332;Alhamdulillah telah dilaksanakan dengan lancar acara Bakti Sosial Himpunan Mahasiswa Teknik Informatika Universitas Budi Luhur pada tanggal 8 Januari 2022 yang berlokasi di Yayasan Obama Indonesia (Yoi Skul) Jakarta. https://t.co/CIDxS47TMa;0;1;0;0;in;173777799;1482980762400227332;himti_ubl;https://twitter.com/himti_ubl/status/1482980762400227332,,,,,,
Fri Jan 14 15:38:39 +0000 2022;1482014306124374021;Baru saja mengirim foto @ Universitas Budi Luhur https://t.co/DM1HQfNfTw;0;0;0;0;in;1231201156988207104;1482014306124374021;cekplagiasi_id;https://twitter.com/cekplagiasi_id/status/1482014306124374021,,,,,,
Wed Jan 12 12:35:00 +0000 2022;1481243311805714435;ptn! mau tanya tanya Universitas Budi Luhur dong, mana nih kating katingnya?;0;1;0;0;in;1241016981865693186;1481243311805714435;utbkfess;https://twitter.com/utbkfess/status/1481243311805714435,,,,,
Wed Jan 12 12:30:00 +0000 2022;1481242052910522371;ptn! mau tanya tanya tentang Universitas Budi Luhur dong,;0;0;0;0;in;1205629250423779328;1481242052910522371;sbmptnfess;https://twitter.com/sbmptnfess/status/1481242052910522371
Wed Jan 12 12:25:23 +0000 2022;1481240893026095107;Udah ga usah sedih... Yuk kamu bisa kembangkan bakatmu dalam bidang robotik di Teknik Elektro Universitas Budi Luhur üòâ https://t.co/gdG6ouihXi;0;0;0;0;in;191288328;1481238303722864645;kampusbudiluhur;https://twitter.com/kampusbudiluhur/status/1481240893026095107,,,,,
Wed Jan 12 05:36:16 +0000 2022;1481137933591941122;Ini dia dua peminatan yang ada di Arsitektur Universitas Budi Luhur, go check this out üëáüòâ  #architecture #Architect #studentlifematters https://t.co/sMPS2OuQWJ;0;1;0;1;in;191288328;1481134405620215810;kampusbudiluhur;https://twitter.com/kampusbudiluhur/status/1481137933591941122,,,,,
Wed Jan 12 05:35:07 +0000 2022;1481137646336638976;Yang jawab arsitektur binir bingits üòÜ  Keren banget kan~~~  Eh eh eh tapi kalau ngomongin arsitektur, Universitas Budi Luhur juga punya lho Program Studi Arsitektur. Penasaran peminatannya apa aja? Lanjut di next tweet ya~~;0;1;0;0;in;191288328;1481134405620215810;kampusbudiluhur;https://twitter.com/kampusbudiluhur/status/1481137646336638976,,,,,
Tue Jan 11 05:02:53 +0000 2022;1480767145495580673;Ini dia hasil dokumentasi penandatanganan MoU Universitas Budi Luhur dengan PT. Rise Lanskap Hortikultura. https://t.co/NBU44NqmBu;0;0;0;0;in;191288328;1480766343250997248;kampusbudiluhur;https://twitter.com/kampusbudiluhur/status/1480767145495580673,,,,,,
Tue Jan 11 04:58:50 +0000 2022;1480766126493614083;Dari sekian perguruan tinggi yang menampilkan produk inovasinya, terdapat 3 PTS dari El yang turut hadir dalam menampilkan produk inovasinya lhoo. Ketiga PTS tersebut adalah,  1. Universitas Bina Nusantara 2. Universitas Gunadarma 3. Universitas Budi Luhur;0;1;0;0;in;1082480504983543808;1480766124014723072;lldikti3;https://twitter.com/lldikti3/status/1480766126493614083,,,,
Sun Jan 09 07:45:55 +0000 2022;1480083399129718784;Hai Blutizenüëã tanggal 6 kemarin Universitas Budi Luhur baru saja menandatangani MoU kerjasama dengan SMA Budi Luhur üòÉ https://t.co/YdSrxA2y3B;1;1;0;2;in;191288328;1480083399129718784;kampusbudiluhur;https://twitter.com/kampusbudiluhur/status/1480083399129718784,,,,,,
Fri Jan 07 13:38:18 +0000 2022;1479447302464884736;Blutizen juga mau kaya kak Yunita Ibrahim? ü§î  Yuk join Fakultas Ilmu Komunikasi Universitas Budi Luhur dan temukan passion-mu di sini üòâ  https://t.co/gf0uQiEPjF;0;0;0;0;in;191288328;1479446099328786433;kampusbudiluhur;https://twitter.com/kampusbudiluhur/status/1479447302464884736,,,,,,
Fri Jan 07 13:33:31 +0000 2022;1479446099328786433;Blutizen üòÉ mimin mau share prestasi yang didapat dari salah satu mahasiswi Fakultas Ilmu Komunikasi Universitas Budi Luhur, Yunita Ibrahim, yang berhasil menjadi bagian dari program Pejuang Muda 2021.  Cehck this out üòâ https://t.co/OAkSARWZXI;0;1;0;2;in;191288328;1479446099328786433;kampusbudiluhur;https://twitter.com/kampusbudiluhur/status/1479446099328786433,,,,
Wed Jan 05 19:01:25 +0000 2022;1478803842204528641;Kejuaraan virtual karate Internasional Universitas Budi Luhur ü•ãü•ãü•ã https://t.co/kxra0xJGiv;0;0;0;0;in;1404214846992785409;1478803842204528641;KMuflikh;https://twitter.com/KMuflikh/status/1478803842204528641,,,,,,
Sat Jan 01 01:10:15 +0000 2022;1477084723151138816;[TAHUN BARU 2022]  Hai bluTIzen üëãüèª Salam Budi Luhur‚úãüèª Kami dari Himpunan Mahasiswa Teknik Informatika Universitas Budi Luhur Mengucapkan Selamat Tahun Baru 2022 https://t.co/FpQ89vxOoN;0;1;0;1;in;173777799;1477084723151138816;himti_ubl;https://twitter.com/himti_ubl/status/1477084723151138816,,,,,,
Mon Mar 28 14:58:34 +0000 2022;1508458532710268932;Rektor Universitas Budi Luhur Wendi Usino mengatakan, Gowes Napak Tilas dilakukan untuk mengenang perjalanan Universitas Budi Luhur sejak awal terletak di kawasan Lapangan Banteng  https://t.co/p0mTmY9teg;0;0;0;0;in;68930552;1508458532710268932;mediaindonesia;https://twitter.com/mediaindonesia/status/1508458532710268932,,,,,
Sun Mar 27 04:58:39 +0000 2022;1507945172231159808;Calon Duta Blutizen 2022 Terpilih Universitas Budi Luhur Harus Paham Isu Terkini - https://t.co/jBNDFszg6h ..........;0;0;0;0;in;817669043792420864;1507945172231159808;kalderanews;https://twitter.com/kalderanews/status/1507945172231159808,,,,,,
Sun Mar 27 04:58:34 +0000 2022;1507945150550798338;Calon Duta Blutizen 2022 Terpilih Universitas Budi Luhur Harus Paham Isu Terkini - https://t.co/jBNDFszg6h;0;0;0;0;in;817669043792420864;1507945150550798338;kalderanews;https://twitter.com/kalderanews/status/1507945150550798338,,,,,,
Sat Mar 26 06:54:03 +0000 2022;1507611824014835719;Calon Duta Blutizen 2022 Terpilih yang Digelar Universitas Budi Luhur, Harus Paham Isu Terkini - https://t.co/6hFXFEv3Cf;0;0;0;0;in;817669043792420864;1507611824014835719;kalderanews;https://twitter.com/kalderanews/status/1507611824014835719,,,,,
Thu Mar 24 07:17:11 +0000 2022;1506892870153764865;Ini Penampakan Motor Listrik BL-SEV01 Buatan Universitas Budi Luhur https://t.co/C1VXuxGCMb;0;0;0;0;in;155169715;1506892870153764865;soloposdotcom;https://twitter.com/soloposdotcom/status/1506892870153764865,,,,,,
Thu Mar 24 04:23:56 +0000 2022;1506849271588573187;UBL pajang motor listrik BL-SEV01 di pameran UKM Mandalika 2022 - Universitas Budi Luhur (UBL) memajang sepeda motor listrik BL-SEV01 pada pameran UKM MotoGP Mandalika 2022 18-20 Maret lalu.  Tentunya kami sangat bangga bisa menjadi bagian dari perhelat‚Ä¶ https://t.co/03E96gRrF3 https://t.co/kgZOr1Hp5Z;0;0;0;0;in;160049241;1506849271588573187;bengklmahaputra;https://twitter.com/bengklmahaputra/status/1506849271588573187,,,,,,
Thu Mar 24 03:31:16 +0000 2022;1506836016795070474;Motor Listrik Universitas Budi Luhur Tampil di MotoGP Mandalika https://t.co/9zUxo5H5Qk #DapurPacuid;0;0;0;0;in;985879533550108674;1506836016795070474;dapurpacuid;https://twitter.com/dapurpacuid/status/1506836016795070474,,,,,,
Thu Mar 24 00:58:04 +0000 2022;1506797463432171527;Motor listrik BL-SEV01 buatan Universitas Budi Luhur ikut pameran di Sirkuit Mandalika, bertepatan dengan seri kedua MotoGp 2022. https://t.co/h5YmubtnFb;0;0;0;1;in;23343960;1506797463432171527;kompascom;https://twitter.com/kompascom/status/1506797463432171527,,,,,
Thu Mar 24 00:16:11 +0000 2022;1506786920390873092;Motor Listrik Universitas Budi Luhur Tampil di MotoGP Mandalika https://t.co/9zUxo5Zf4s #DapurPacuid;0;0;0;0;in;985879533550108674;1506786920390873092;dapurpacuid;https://twitter.com/dapurpacuid/status/1506786920390873092,,,,,,
Tue Mar 22 09:04:57 +0000 2022;1506195216172486659;KRIMINOLOGI FAIR 2021 GENDER BASED ISSUE: COME AS YOU ARE‚Äù  ‚ÄºÔ∏èKRIMNIGHT FESTIVAL‚ÄºÔ∏è  ‚Ä¢Pelaksanaan Acara‚Ä¢ üóì : Sabtu, 26 Maret 2022 üìç : Cafe Dokterandus - Universitas Budi Luhur ‚è∞ : 16.00 WIB - Selesai  ‚òéÔ∏è +62 821-1528-7842 (Desti) https://t.co/CxgcTH2lHU;0;0;0;0;in;36908999;1506195216172486659;radiountar;https://twitter.com/radiountar/status/1506195216172486659,,,,,
Mon Mar 21 13:40:34 +0000 2022;1505902186492235779;üéìPerguruan Tinggi yang Memiliki Jurusan Kriminologiüéì  -Universitas Indonesia (Akreditasi A) -Universitas Budi Luhur (Akreditasi B) -Universitas Islam Riau (Akreditasi B);0;1;0;0;in;116979967;1505902168234405894;rbdigital_id;https://twitter.com/rbdigital_id/status/1505902186492235779,,,,,,
Mon Mar 21 12:20:27 +0000 2022;1505882024476700673;Universitas Budi Luhur Gelar Festival Pantun Betawi, Lestarikan Budaya Nusantara - https://t.co/up5lrTimus;0;0;0;1;in;1127831192;1505882024476700673;mkbetawi;https://twitter.com/mkbetawi/status/1505882024476700673,,,,,
Sat Mar 19 13:26:32 +0000 2022;1505173881937571844;Universitas Budi Luhur Gelar Festival Pantun Betawi, Lestarikan Budaya Nusantara - https://t.co/i5eDQcn3j9;0;0;0;0;in;817669043792420864;1505173881937571844;kalderanews;https://twitter.com/kalderanews/status/1505173881937571844,,,,,
Fri Mar 18 23:08:09 +0000 2022;1504957859313856514;Universitas Budi Luhur Gelar Festival Pantun Betawi, Lestarikan Budaya Nusantara - https://t.co/i5eDQcn3j9;0;0;0;0;in;817669043792420864;1504957859313856514;kalderanews;https://twitter.com/kalderanews/status/1504957859313856514,,,,,
Thu Mar 17 05:33:01 +0000 2022;1504329940808118273;Call for Papers SENMI Universitas Budi Luhur 2022  @kampusbudiluhur Website https://t.co/DGVDsWu12T https://t.co/JVj4Y17l6z;0;0;0;1;en;701579540578099200;1504329940808118273;SENMI_UBL;https://twitter.com/SENMI_UBL/status/1504329940808118273,,,,,,
Wed Mar 16 09:57:04 +0000 2022;1504034000611921920;Universitas Budi Luhur Gelar Festival Pantun Betawi, Lestarikan Budaya Nusantara - https://t.co/i5eDQcn3j9;0;0;0;0;in;817669043792420864;1504034000611921920;kalderanews;https://twitter.com/kalderanews/status/1504034000611921920,,,,,
Wed Mar 16 04:36:41 +0000 2022;1503953373577445378;Just posted a photo @ Universitas Budi Luhur https://t.co/yInl5nuKzt;0;0;0;0;en;253746389;1503953373577445378;fti_budiluhur;https://twitter.com/fti_budiluhur/status/1503953373577445378,,,,,,
Tue Mar 15 12:31:37 +0000 2022;1503710508444438529;üìçJalan Ciledug Raya eks Apotek Shangrila. Seberang Universitas Budi Luhur. 50 m dari Halte Transjakarta Adam Malik.;0;1;0;0;in;290848908;1503710038816587780;FirdsAmri;https://twitter.com/FirdsAmri/status/1503710508444438529,,,,,,
Tue Mar 15 03:33:30 +0000 2022;1503575087147978752;Universitas Budi Luhur Gelar Festival Pantun Betawi, Lestarikan Budaya Nusantara - https://t.co/i5eDQcn3j9 ............;0;0;0;0;in;817669043792420864;1503575087147978752;kalderanews;https://twitter.com/kalderanews/status/1503575087147978752,,,,,
Tue Mar 15 03:33:25 +0000 2022;1503575067115999233;Universitas Budi Luhur Gelar Festival Pantun Betawi, Lestarikan Budaya Nusantara - https://t.co/i5eDQcn3j9;0;0;0;0;in;817669043792420864;1503575067115999233;kalderanews;https://twitter.com/kalderanews/status/1503575067115999233,,,,,
Mon Mar 14 18:03:49 +0000 2022;1503431720695074821;Universitas Budi Luhur Gelar Festival Pantun Betawi, Lestarikan Budaya Nusantara - https://t.co/up5lrTimus;0;0;0;0;in;1127831192;1503431720695074821;mkbetawi;https://twitter.com/mkbetawi/status/1503431720695074821,,,,,
Mon Mar 14 13:25:23 +0000 2022;1503361651667763207;Event ü•áü•áü•á  KALIMAYA GOES TO CAMPUS at UNIVERSITAS BUDI LUHUR   #banggabuatanindonesia üáÆüá©üáÆüá© #GoldDover #banggaproduklokal  #NOREKBERNODEAL https://t.co/SIiIJ4LCaa;0;0;0;1;in;1107457766342320130;1462358077642993664;kalimayafashion;https://twitter.com/kalimayafashion/status/1503361651667763207,,,,,,
Mon Mar 14 13:25:20 +0000 2022;1503361639428792322;Event ü•áü•áü•á  KALIMAYA GOES TO CAMPUS at UNIVERSITAS BUDI LUHUR   #banggabuatanindonesia üáÆüá©üáÆüá© #GoldDover #banggaproduklokal  #NOREKBERNODEAL https://t.co/KVk60wDuTH;0;1;0;1;in;1107457766342320130;1462358077642993664;kalimayafashion;https://twitter.com/kalimayafashion/status/1503361639428792322,,,,,,
Mon Mar 14 13:25:15 +0000 2022;1503361616100073476;Event ü•áü•áü•á  KALIMAYA GOES TO CAMPUS at UNIVERSITAS BUDI LUHUR   #banggabuatanindonesia üáÆüá©üáÆüá© #GoldDover #banggaproduklokal  #NOREKBERNODEAL https://t.co/ihpjD0954s;0;1;0;1;in;1107457766342320130;1462358077642993664;kalimayafashion;https://twitter.com/kalimayafashion/status/1503361616100073476,,,,,,
Mon Mar 14 05:59:44 +0000 2022;1503249500701401089;Just posted a photo @ Universitas Budi Luhur https://t.co/ySaeNoyhAd;0;0;0;0;en;253746389;1503249500701401089;fti_budiluhur;https://twitter.com/fti_budiluhur/status/1503249500701401089,,,,,,
Sun Mar 13 09:10:05 +0000 2022;1502935015356710917;Universitas Budi Luhur Gelar Festival Pantun Betawi, Lestarikan Budaya Nusantara - https://t.co/i5eDQcn3j9;0;0;0;0;in;817669043792420864;1502935015356710917;kalderanews;https://twitter.com/kalderanews/status/1502935015356710917,,,,,
Sat Mar 12 10:33:14 +0000 2022;1502593553389694978;Festival Pantun Jakarta Selatan di Auditorium Mahardika Bujana Universitas Budi Luhur üòçüòç https://t.co/1DyWqVqbiD;0;0;0;2;in;191288328;1502593553389694978;kampusbudiluhur;https://twitter.com/kampusbudiluhur/status/1502593553389694978,,,,,,
Sat Mar 12 08:54:03 +0000 2022;1502568590477647874;Universitas Budi Luhur Gelar Festival Pantun Betawi, Lestarikan Budaya Nusantara... - https://t.co/i5eDQcn3j9;0;0;0;0;in;817669043792420864;1502568590477647874;kalderanews;https://twitter.com/kalderanews/status/1502568590477647874,,,,,
Sat Mar 12 04:10:32 +0000 2022;1502497245224071169;Universitas Budi Luhur Gelar Festival Pantun Betawi, Lestarikan Budaya Nusantara https://t.co/dopNRLS693;0;0;0;0;in;817669043792420864;1502497245224071169;kalderanews;https://twitter.com/kalderanews/status/1502497245224071169,,,,,
Sat Mar 12 01:28:09 +0000 2022;1502456379914686464;Universitas Budi Luhur Gelar Festival Pantun Betawi, Lestarikan Budaya Nusantara - https://t.co/i5eDQcn3j9;0;0;0;0;in;817669043792420864;1502456379914686464;kalderanews;https://twitter.com/kalderanews/status/1502456379914686464,,,,,
Fri Mar 11 05:36:29 +0000 2022;1502156485186711555;Pemkot Jakarta Selatan Gandeng Universitas Budi Luhur  Gelar Festival Lomba Pantun untuk Lestarikan Budaya Betawi https://t.co/tQNnpNb5E5 via @mnews_id;0;0;0;0;in;1029961547177574400;1502156485186711555;mnews_id;https://twitter.com/mnews_id/status/1502156485186711555,,,,,,
Thu Mar 10 15:59:25 +0000 2022;1501950864382373888;Universitas Budi Luhur Ajak Masyarakat Melestarikan Budaya Betawi https://t.co/FJ1VZlMR7N;0;0;0;0;in;902837643024539651;1501950864382373888;medcom_id;https://twitter.com/medcom_id/status/1501950864382373888,,,,,,
Thu Mar 10 10:46:35 +0000 2022;1501872137359212544;Wali Kota Jakarta Selatan, Munjirin membuka puncak acara lomba Pantun Gue Girang yang diadakan di Auditorium Universitas Budi Luhur.  @KotaJaksel  #BacadiBJ #BeritaJakarta #DKIJakarta #Pantun  https://t.co/f24sdbGsXX;0;0;0;0;in;213204035;1501872137359212544;BeritaJakarta;https://twitter.com/BeritaJakarta/status/1501872137359212544,,,,,
Sun Mar 06 03:01:46 +0000 2022;1500305609484242948;JUNIOR SHORT DIPLOMATIC COURSE (JSDC)   HIMAHI Universitas Budi Luhur kembali mengadakan JSDC nih, temen-temen! Tunggu apa lagi?  Kompetisi ini berlaku untuk SMA/Sederajat ya. Cek posternya dan daftarkan tim kamu sekarang juga! ‚ú® üîó https://t.co/xFq4RhybZY  It's FREE! üôå ü•≥ https://t.co/21DydaGGxQ;0;0;8;4;in;1358351898105942017;1500305609484242948;schcampus;https://twitter.com/schcampus/status/1500305609484242948,,,,,
Fri Mar 04 09:22:10 +0000 2022;1499676566460112902;Universitas Budi Luhur bekerjasama dengan JobStreet dan Tech in Asia menyelenggarakan Virtual Career Fair terbesar di Asia! pada tanggal 9-11 Maret 2022 yaitu Asia‚Äôs Biggest Virtual Career Fair 2022. Informasi lebih lanjut silahkan kunjungi halaman https://t.co/EDoMMvQwmg https://t.co/2dbUZQiPhb;0;0;0;0;in;606948579;1499676566460112902;BudiLuhurCareer;https://twitter.com/BudiLuhurCareer/status/1499676566460112902,,,,,,
Sat May 28 05:33:13 +0000 2022;1530421917710135296;Hi smarTIzen!üëã . Berikut ini adalah Infografis Semester Antara Universitas Budi Luhur Tahun Akademik 2021/2022 . Info lengkap : https://t.co/v4tQ6d8Vj1 . #infokampus22 #himti_ubl #teknikinformatika #biruputihinformatika https://t.co/dM2X0tmnMy;0;0;0;1;in;173777799;1530421917710135296;himti_ubl;https://twitter.com/himti_ubl/status/1530421917710135296,,,,,,
Fri May 27 05:30:31 +0000 2022;1530058850002681856;Hallo Warga Kampus üëãüèª karena tadi ada kendala perihal pemadaman listrik pukul 09.00 sampai 11.30 di Universitas Budi Luhur, maka program siaran #MorningClass &amp  #CampusBreak harus berhenti mengudara tapi stay tune terus di program siaran selanjutanya Warga Kampus!;0;0;0;0;in;93356134;1530058850002681856;RadioBudiLuhur;https://twitter.com/RadioBudiLuhur/status/1530058850002681856,,,,,
Thu May 26 06:32:28 +0000 2022;1529712050380763136;[Peringatan Hari Kenaikan Isa Almasih]  Kami segenap pengurus Himpunan Mahasiswa Akuntansi periode 2022/2023 mengucapkan selamat memperingati Hari Kenaikan Isa Almasih  ____________________________  #HIMA2022 #HIMAFEBUBL #KBOMFEBUBL #UNIVERSITASBUDILUHUR https://t.co/w0qXeUcAky;0;0;0;0;in;1375919190;1529712050380763136;HIMAFEBUBL;https://twitter.com/HIMAFEBUBL/status/1529712050380763136,,,,,,
Wed May 25 09:02:13 +0000 2022;1529387348273729536;Universitas Budi Luhur masuk 100 kampus terbaik di Indonesia dalam versi Webometrics Rank 2022. https://t.co/aHcBlaCuPg;1;0;1;0;in;23343960;1529387348273729536;kompascom;https://twitter.com/kompascom/status/1529387348273729536,,,,,,
Wed May 18 08:16:25 +0000 2022;1526839110660673541;Universitas Budi Luhur Dapat Dana Hibah PKM Terbanyak se-LLDIKTI III https://t.co/owd9D7Tk2l;0;0;0;0;in;154102750;1526839110660673541;Beritasatu;https://twitter.com/Beritasatu/status/1526839110660673541,,,,,,
Wed May 18 07:26:54 +0000 2022;1526826646585880576;Untuk info lebih lanjut kunjungi : https://t.co/4sbkAeOeav . Untuk pendaftaran kunjungi : https://t.co/asG5DYB7n3 . Tentang Universitas Budi Luhur : 1. https://t.co/aoRspF43Th 2. https://t.co/NKbSvPHcXL;0;1;0;0;in;173777799;1526826644027371521;himti_ubl;https://twitter.com/himti_ubl/status/1526826646585880576,,,,,,
Wed May 18 03:17:57 +0000 2022;1526763995893764096;Perbaikan dan Pengurasan saluran Jl. Ciledug Raya Samping Universitas Budi Luhur. Kec. Pesanggrahan. Jakarta Selatan @aniesbaswedan @ArizaPatria @DKIJakarta @DinasSDAJakarta @BPBDJakarta @BeritaJakarta #PasukanBiru #PerluTahu #JAKI https://t.co/V49rrZODJk https://t.co/Kgs9HcogQh;0;0;0;0;in;2967790440;1526763995893764096;DinasSDAJakarta;https://twitter.com/DinasSDAJakarta/status/1526763995893764096,,,,,,
Tue May 17 08:18:58 +0000 2022;1526477360903491584;Lapas Pemuda Tangerang Terima Kunjungan Mahasiswa Universitas Budi Luhur https://t.co/bLvvdtsQTX https://t.co/DiFMsWiVID;0;0;0;0;in;1010084185279639554;1526477360903491584;MajalahterasC;https://twitter.com/MajalahterasC/status/1526477360903491584,,,,,,
Mon May 16 03:03:29 +0000 2022;1526035582706937856;[Peringatan Hari Waisak]  Kami segenap pengurus Himpunan Mahasiswa Akuntansi periode 2022/2023 mengucapkan selamat memperingati Hari Waisak.   ____________________________  #HIMA2022 #HIMAFEBUBL #KBOMFEBUBL #UNIVERSITASBUDILUHUR https://t.co/LoMl9fHO4I;0;0;0;0;in;1375919190;1526035582706937856;HIMAFEBUBL;https://twitter.com/HIMAFEBUBL/status/1526035582706937856,,,,,,
Mon May 16 00:42:27 +0000 2022;1526000088555827200;temukan banyak informasi menarik lainnya di sosial media kami himti@budiluhur.ac.id IG, FB, Twit &amp  Tiktok: himti_ubl Youtube: HIMTI Universitas Budi Luhur Form aspirasi: https://t.co/5ePfWtz1dU;0;0;0;0;in;173777799;1526000080632745985;himti_ubl;https://twitter.com/himti_ubl/status/1526000088555827200,,,,
Mon May 16 00:42:26 +0000 2022;1526000083455488001;Tenang-tenang tidak usah risau tidak usah panik!! Kali ini HIMTI mengadakan kegiatan HIMTI CLUB. HIMTI CLUB adalah kegiatan belajar secara berkala yang dikhususkan untuk mahasiswa TI Universitas Budi Luhur yang merasa kesulitan dengan pemrograman maupun cyber security;0;1;0;0;in;173777799;1526000080632745985;himti_ubl;https://twitter.com/himti_ubl/status/1526000083455488001,,,,,,
Wed May 11 10:00:39 +0000 2022;1524328625864339456;Universitas Budi Luhur bekerjasama dengan QuBisa! menyelenggarakan Career Week &amp  Job Fair 2022 pada tanggal 12-14 Mei 2022 jam 14.00‚Äì15.30 WIB Informasi lebih lanjut kunjungi website https://t.co/S32d9GqWsg https://t.co/evgqZXAd7g;0;0;0;0;in;606948579;1524328625864339456;BudiLuhurCareer;https://twitter.com/BudiLuhurCareer/status/1524328625864339456,,,,,,
Mon May 09 01:53:46 +0000 2022;1523481321187659777;Halalbihalal warga kampus Budi Luhur. #halalbihalal #kampusbudiluhur #idulfitri #1443h @ Universitas Budi Luhur https://t.co/UZatYNVs6y;0;0;0;0;in;220276603;1523481321187659777;gbrotos;https://twitter.com/gbrotos/status/1523481321187659777,,,,,,
Wed May 04 08:09:44 +0000 2022;1521763994788192256;Temukan banyak informasi menarik lainnya di sosial media kami‚¨áÔ∏è‚¨áÔ∏è himti@budiluhur.ac.id IG, FB, Twit &amp  Tiktok: himti_ubl Youtube: HIMTI Universitas Budi Luhur . üó£Ô∏èForm aspirasi: https://t.co/5ePfWtz1dU;0;0;0;0;in;173777799;1521763984365350913;himti_ubl;https://twitter.com/himti_ubl/status/1521763994788192256,,,,
Wed May 04 08:09:42 +0000 2022;1521763987716665346;Tenang-tenang tidak usah risau tidak usah panik!! Kali ini HIMTI mengadakan kegiatan HIMTI CLUB. HIMTI CLUB adalah kegiatan belajar secara berkala yang dikhususkan untuk mahasiswa TI Universitas Budi Luhur yang merasa kesulitan dengan pemrograman maupun cyber security;0;1;0;0;in;173777799;1521763984365350913;himti_ubl;https://twitter.com/himti_ubl/status/1521763987716665346,,,,,,
Mon May 02 12:55:55 +0000 2022;1521111243368857600;[Selamat Hari Raya Idul Fitri]  Kami segenap pengurus Himpunan Mahasiswa Akuntansi periode 2022/2023 mengucapkan selamat Hari Raya Idul Fitri 1443 H.   ____________________________  #HIMA2022 #HIMAFEBUBL #KBOMFEBUBL #UNIVERSITASBUDILUHUR https://t.co/e5XyXROT7a;0;0;0;0;in;1375919190;1521111243368857600;HIMAFEBUBL;https://twitter.com/HIMAFEBUBL/status/1521111243368857600,,,,,,
Sun May 01 14:02:19 +0000 2022;1520765563512901632;[Peringatan Hari Buruh]  Kami segenap pengurus Himpunan Mahasiswa Akuntansi periode 2022/2023 mengucapkan selamat memperingati Hari Buruh.   ____________________________  #HIMA2022 #HIMAFEBUBL #KBOMFEBUBL #UNIVERSITASBUDILUHUR https://t.co/dOLJ90LnxN;0;0;0;0;in;1375919190;1520765563512901632;HIMAFEBUBL;https://twitter.com/HIMAFEBUBL/status/1520765563512901632,,,,,,
Sat Jul 30 13:27:22 +0000 2022;1553371677635280897;[Peringatan Tahun Baru Islam 1444 H]  Kami Keluarga Besar HIMA FEB UBL 2022 mengucapkan  Selamat Hari Raya Tahun Baru Islam 1444 H. _____________________________  #HIMA2022 #HIMAFEBUBL #KBOMFEBUBL #UNIVERSITASBUDILUHUR https://t.co/Epbad7ZQZY;0;0;0;0;in;1375919190;1553371677635280897;HIMAFEBUBL;https://twitter.com/HIMAFEBUBL/status/1553371677635280897,,,,,,
Sat Jul 30 11:08:37 +0000 2022;1553336760381448192;Pertama di Indonesia, Universitas Budi Luhur Buka Prodi S1 Manajemen Bencana https://t.co/aTIpte3G4w;0;0;3;2;in;32358893;1553336760381448192;HaiMagazine;https://twitter.com/HaiMagazine/status/1553336760381448192,,,,,
Wed Jul 27 04:07:04 +0000 2022;1552143509247127552;@collegemenfess ini ubl nya universitas budi luhur atau universitas bandar lampung si..;0;1;0;0;in;858234836493811713;1551962522609397760;paniccedstressd;https://twitter.com/paniccedstressd/status/1552143509247127552,,,,,,
Tue Jul 26 18:06:04 +0000 2022;1551992261981835266;Wow‚Ä¶ Kantin Universitas Budi Luhur Sekarang Terlihat Megah dan Nyaman https://t.co/c7JPF8NQBu;0;0;0;0;in;787313277537615872;1551992261981835266;cintakitadotid;https://twitter.com/cintakitadotid/status/1551992261981835266,,,,,,
Tue Jul 26 15:04:36 +0000 2022;1551946595653935105;Universitas Budi Luhur Luncurkan Prodi Manajemen Bencana Pertama di Indonesia Jenjang S1 https://t.co/bFU5f0OxMf;0;0;0;0;in;787313277537615872;1551946595653935105;cintakitadotid;https://twitter.com/cintakitadotid/status/1551946595653935105,,,,,,
Tue Jul 26 14:42:58 +0000 2022;1551941151170732034;Universitas Budi Luhur Luncurkan Prodi Manajemen Bencana https://t.co/GrWotDcxqC;0;0;0;0;in;99864226;1551941151170732034;rakyatmerdeka;https://twitter.com/rakyatmerdeka/status/1551941151170732034,,,,,,
Tue Jul 26 14:14:48 +0000 2022;1551934061760974848;Bapak Kepala BPBD DKI Jakarta hari ini hadir memberi sambutan dalam launching Program Studi Manajemen Bencana S1 yg pertama di Indonesia, di Universitas Budi Luhur @aniesbaswedan @ArizaPatria @BNPB_Indonesia @BPBDJakarta https://t.co/6gWwyEerBK;0;0;1;9;in;481202115;1551934061760974848;IsnawaAdji;https://twitter.com/IsnawaAdji/status/1551934061760974848,,,,,
Tue Jul 26 13:10:12 +0000 2022;1551917804667867137;Universitas Budi Luhur Luncurkan Prodi Manajemen Bencana https://t.co/8EaAZml07d;0;0;0;0;in;902837643024539651;1551917804667867137;medcom_id;https://twitter.com/medcom_id/status/1551917804667867137,,,,,,
Tue Jul 26 11:09:36 +0000 2022;1551887452729536514;Rektor Universitas Budi Luhur, Wendi Usino menambahkan, Prodi Manajemen Bencana merupakan kontribusi Universitas Budi Luhur terhadap bangsa dan negara.  https://t.co/FEzqzu8d4p;0;0;0;0;in;68930552;1551887452729536514;mediaindonesia;https://twitter.com/mediaindonesia/status/1551887452729536514,,,,
Tue Jul 26 09:47:22 +0000 2022;1551866759631671296;Selasa (26/7) Kepala Pelaksana BPBD Provinsi DKI Jakarta menghadiri Grand Launching Program Studi Manajemen Bencana (S1) Fakultas Ekonomi dan Bisnis, Universitas Budi Luhur, Jakarta Selatan.  #KegiatanBPBDJkt #JagaJakarta #SiagaTanggapGalang https://t.co/uQCJBvg3hi;0;0;0;1;in;460021303;1551866759631671296;BPBDJakarta;https://twitter.com/BPBDJakarta/status/1551866759631671296,,,,
Tue Jul 26 09:40:10 +0000 2022;1551864947658764288;Universitas Budi Luhur Luncurkan Prodi Manajemen Bencana https://t.co/0iHDnS8cDc;0;0;0;0;in;154102750;1551864947658764288;Beritasatu;https://twitter.com/Beritasatu/status/1551864947658764288,,,,,,
Tue Jul 26 05:11:59 +0000 2022;1551797458623074306;Bisa nih Anjangsana lagi lain kali secara offline yaa @UIPramuka  ‚öúSatya Dharma Bakti Nusantara‚öú ‚öúLuhur Budi Bawa Laksana Abdi¬†Nusa Bangsa‚öú   -- Best regards, Pramuka Universitas Gadjah Mada Jl. Yacaranda Perum. Dosen Flat A2, Blimbingsari, Caturtunggal, Depok, Sleman, DIY https://t.co/X9qiZDtalU;0;0;0;0;in;774312732;1551797396937445376;PramukaUGM;https://twitter.com/PramukaUGM/status/1551797458623074306
Tue Jul 26 03:21:16 +0000 2022;1551769594070765568;Launching Program Studi Baru S1 Manajemen Bencana dari Universitas Budi Luhur, sebagai program sarjana Manajemen Bencana pertama di Indonesia. Cc @kampusbudiluhur @ Universitas Budi Luhur https://t.co/MBcNPpCSyl;0;0;0;0;in;17678612;1551769594070765568;achmatim;https://twitter.com/achmatim/status/1551769594070765568,,,,,
Sat Jul 23 13:39:46 +0000 2022;1550838081086840832;@PT_Transjakarta Halo min mauu nanyaa kalo dari Depok ke universitas Budi luhur itu naik Transjakarta apa aja ya? Ku bingung mau nanya siapa karena keluarga saya belum ada yg pernah naik Transjakarta;0;0;0;0;in;1397264042327035906;1512272707559124994;ells31_;https://twitter.com/ells31_/status/1550838081086840832,,,,,,
Sat Jul 23 12:26:01 +0000 2022;1550819520071143426;@ihyykwim @sbmptnfess Universitas Budi Luhur (swasta)  sama satu lagi ada, tapi lupa dimana gt;0;2;0;0;in;877203814914195456;1550758879495016449;Jeneaveve;https://twitter.com/Jeneaveve/status/1550819520071143426,,,,,
Thu Jul 21 01:24:14 +0000 2022;1549928204462620673;@PT_Transjakarta Min numpang tanya kl dr universitas Budi Luhur Petukangan mau ke Balaikota DKI Jakarta lewat mana;0;1;0;0;in;1458652043447468036;1549876813299605505;DdtEkayudha;https://twitter.com/DdtEkayudha/status/1549928204462620673,,,,,,
Sat Jul 16 13:26:35 +0000 2022;1548298047028731906;Just posted a photo @ Universitas Budi Luhur https://t.co/MFhMeGDMzR;0;0;0;0;en;253746389;1548298047028731906;fti_budiluhur;https://twitter.com/fti_budiluhur/status/1548298047028731906,,,,,,
Sun Jul 10 08:23:28 +0000 2022;1546047440310001664;[Peringatan Hari Raya Idul Adha]  Kami segenap pengurus Himpunan Mahasiswa Akuntansi periode 2022/2023 mengucapkan selamat memperingati Hari Raya Idul Adha 1443 H.  ____________________________  #HIMA2022 #HIMAFEBUBL #KBOMFEBUBL #UNIVERSITASBUDILUHUR https://t.co/LDNxUyPEms;0;0;0;1;in;1375919190;1546047440310001664;HIMAFEBUBL;https://twitter.com/HIMAFEBUBL/status/1546047440310001664,,,,,,
Wed Jul 06 05:29:08 +0000 2022;1544554016780464129;Jurusan Kriminologi di Indonesia masih langka. Sampai saat ini, hanya ada 3 kampus yang memiliki Jurusan Kriminologi, yaitu: - Universitas Indonesia (UI) - Universitas Islam Riau (UIR) - Universitas Budi Luhur.;0;0;0;16;in;457341503;1544554008530288640;ruangguru;https://twitter.com/ruangguru/status/1544554016780464129,,,,
Mon Jul 04 22:42:25 +0000 2022;1544089276639375360;@DKIJakarta @_OnOff_Breee Administrasi banget sih Pak... Jelas Halte Universitas Budi Luhur tuh..  Proaktif jadi admin.. Kalau harus tau klik aja di  Google Map... Ada terlihat apa admin mau. Jangan2 gegara ga di info ga ditindaklanjuti lagi;0;0;0;0;in;147869036;1544007497148940288;Rudyadi21;https://twitter.com/Rudyadi21/status/1544089276639375360,,,,,,
Fri Jul 01 09:47:54 +0000 2022;1542807197264248832;Hi smarTizen!üëãüòâ  Halo mahasiswa Universitas Budi Luhur !¬† Kali ini, Badan Eksekutif Mahasiswa Fakultas Teknologi Informasi Universitas Budi Luhur akan mengadakan kegiatan Open Class. https://t.co/L0nFl52Ige;0;1;0;1;in;173777799;1542807197264248832;himti_ubl;https://twitter.com/himti_ubl/status/1542807197264248832,,,,,
Fri Aug 26 10:05:13 +0000 2022;1563105275158339586;[OPEN REGISTRATION] üîîSEMINAR NASIONAL &amp  TALKSHOW INTERACTIVEüîî  Hello Everyoneüôåüèª Salam Budi Luhurü§öüèª  üì£Keluarga Besar Organisasi Mahasiswa Fakultas Ekonomi dan Bisnis Universitas Budi Luhur, Proudly Present Seminar Nasional dan Talkshow Interactive.ü™Ñ https://t.co/XDM1bWN6mB;0;6;0;0;in;173777799;1563105275158339586;himti_ubl;https://twitter.com/himti_ubl/status/1563105275158339586,,,,,
Fri Aug 26 08:50:22 +0000 2022;1563086437385261057;Universitas Budi Luhur Gelar Lomba Film Pendek https://t.co/DSJXB6iNNT;0;0;0;1;in;902837643024539651;1563086437385261057;medcom_id;https://twitter.com/medcom_id/status/1563086437385261057,,,,,,
Fri Aug 26 07:37:03 +0000 2022;1563067988680798209;Dorong Kreativitas, Universitas Budi Luhur Gelar Lomba Film Pendek - https://t.co/fSJCmXCnJx #lomba #kompetisi https://t.co/rrUSb7FOYm;0;0;0;0;in;56896234;1563067988680798209;kompetisi_lomba;https://twitter.com/kompetisi_lomba/status/1563067988680798209,,,,,
Fri Aug 26 03:11:00 +0000 2022;1563001033600536582;Dorong Kreativitas, Universitas Budi Luhur Gelar Lomba Film Pendek https://t.co/OVbXXqxhVH;0;0;0;0;in;154102750;1563001033600536582;Beritasatu;https://twitter.com/Beritasatu/status/1563001033600536582,,,,,
Wed Aug 24 12:31:28 +0000 2022;1562417305065525249;Baru saja mengirim foto @ Universitas Budi Luhur https://t.co/bz3NrB9j4W;0;0;0;0;in;1661941670;1562417305065525249;acaraMLG;https://twitter.com/acaraMLG/status/1562417305065525249,,,,,,
Wed Aug 24 07:35:33 +0000 2022;1562342836082974726;Universitas Budi Luhur Gelar Lomba Film Pendek 'KebudiLuhuran' #lomba #kompetisi https://t.co/o3ufjPmI22;0;0;0;0;in;56896234;1562342836082974726;kompetisi_lomba;https://twitter.com/kompetisi_lomba/status/1562342836082974726,,,,,,
Wed Aug 24 05:13:37 +0000 2022;1562307116140216321;Bincang santai tim Podcast Ngaco bareng Rektor Universitas Budi Luhur, kampus nya para Ahli IT #podcast #budiluhur #it #ngaco #fyp #fyp„Ç∑ #trending #indopos https://t.co/2BivvchgY1;0;0;1;2;in;1197403547681218560;1562307116140216321;indopos_id;https://twitter.com/indopos_id/status/1562307116140216321,,,,,
Mon Aug 22 07:39:55 +0000 2022;1561619159397670917;Just posted a photo @ Universitas Budi Luhur https://t.co/XXjPMdvpAc;0;0;0;0;en;253746389;1561619159397670917;fti_budiluhur;https://twitter.com/fti_budiluhur/status/1561619159397670917,,,,,,
Sat Aug 20 17:45:39 +0000 2022;1561046820784144385;Just posted a photo @ Universitas Budi Luhur https://t.co/BWVcsEWL5l;0;0;0;0;en;253746389;1561046820784144385;fti_budiluhur;https://twitter.com/fti_budiluhur/status/1561046820784144385,,,,,,
Sat Aug 20 07:42:10 +0000 2022;1560894950631682048;[BUDI LUHUR BUSINESS CASE COMPETITION]  KOMPETISI TERBUKA UNTUK SEMUA FAKULTAS!!  Hello Bumafers!!! üñêüèª  ‚ú® Himpunan Mahasiswa Manajemen Fakultas Ekonomi dan Bisnis Universitas Budi Luhur ‚ú®  Dengan bangga mempersembahkan :  üéâ BUDI LUHUR BUSINESS CASE COMPETITION 2022 üéâ https://t.co/YmNUJOCUEn;0;6;0;2;in;173777799;1560894950631682048;himti_ubl;https://twitter.com/himti_ubl/status/1560894950631682048,,,,,,
Sat Aug 20 06:32:48 +0000 2022;1560877492302336000;Tunggu apa lagi? Langsung aja isi form dibawah ini! Kesempatan ini hanya sekali lho! https://t.co/FhJS81cKm9  Yukk isi waktu luang dan tambah hard skill kalian dengan ikut Pelatihan Eksternal bersama HIMTI Universitas Budi Luhur!;0;1;0;0;in;173777799;1560877481413881856;himti_ubl;https://twitter.com/himti_ubl/status/1560877492302336000,,,,,,
Sat Aug 20 06:32:47 +0000 2022;1560877488753913857;Kalian bisa dapat e-certificate dan hadiah lainnya! Pelatihan ini tidak dipungut biaya alias gratiss lho!! Yukk daftar sekarang!  üìÖ Pendaftaran:  19 Agustus - 23 Agustus 2022 ‚ñ∂Ô∏è Pelatihan: 25 Agustus 2022 Tempat : Lab 10 ICT, lt 4 unit 7 Universitas Budi Luhur;0;1;0;0;in;173777799;1560877481413881856;himti_ubl;https://twitter.com/himti_ubl/status/1560877488753913857,,,,,
Sat Aug 20 06:32:45 +0000 2022;1560877481413881856;Hai SmarTIzen!!! HIMTI Universitas Budi Luhur akan mengadakan Pelatihan Eksternal nih, khusus buat kalian yang masih SMA tau SMK.  Topik kita tahun ini mengenai ‚ÄúLet‚Äôs Develop Your website using PHP and Laravel‚Äù loh. https://t.co/RPs4WxHmB2;0;1;0;0;in;173777799;1560877481413881856;himti_ubl;https://twitter.com/himti_ubl/status/1560877481413881856,,,,,
Fri Aug 19 14:55:02 +0000 2022;1560641494519713795;ptn! aku maba ubl universitas budi luhur prodi komunikasi pariwisata, mau cari temen ada gak ya? https://t.co/y30ms0ZeKA;0;0;0;2;in;1205629250423779328;1560641494519713795;sbmptnfess;https://twitter.com/sbmptnfess/status/1560641494519713795,,,,,
Thu Aug 18 13:18:17 +0000 2022;1560254757675188227;Just posted a photo @ Universitas Budi Luhur https://t.co/1xFaIt93jC;0;0;0;0;en;253746389;1560254757675188227;fti_budiluhur;https://twitter.com/fti_budiluhur/status/1560254757675188227,,,,,,
Wed Aug 17 15:40:13 +0000 2022;1559928089345290243;Universitas Budi Luhur Kenalkan Keris ke Siswa SMA dan SMK https://t.co/3Oqdqu23mV #HUTRIke77 #PengenalanKeris #SiswaSMAdanSMK #universitasbudiluhur;0;0;0;0;in;1197403547681218560;1559928089345290243;indopos_id;https://twitter.com/indopos_id/status/1559928089345290243,,,,,,
Wed Aug 17 10:28:00 +0000 2022;1559849517700091904;üìç : Doktorandus Koffie, Universitas Budi Luhur. üí∏ : FREE üîó *TECHNO FUN 2022 REGISTRATION LINK* üîó  https://t.co/gJXT32Pl0A  Let's go join us! Ajak teman-teman kalian dan meriahkan acaranya, yaaa!  Anyway... Akan ada lomba *Video Kreatif* juga lhoo yang berisikan;0;0;0;1;in;173777799;1559849283423047681;himti_ubl;https://twitter.com/himti_ubl/status/1559849517700091904,,,,
Wed Aug 17 10:27:04 +0000 2022;1559849283423047681;Hai SmarTizen! üëã  FAKULTAS TEKNOLOGI INFORMASI MEMPERSEMBAHKAN ‚ö° *TECHNO FUN 2022* ‚ö°  Fakultas Teknologi Informasi disini ingin mengundang kalian para mahasiswa baru untuk datang dan bercengkrama dengan kami di Universitas Budi Luhur. https://t.co/Qr5WfuLuJo;0;4;0;0;in;173777799;1559849283423047681;himti_ubl;https://twitter.com/himti_ubl/status/1559849283423047681,,,,,,
Wed Aug 17 05:29:30 +0000 2022;1559774397241913344;[Peringatan Hari Kemerdekaan Indonesia]  Kami segenap pengurus Himpunan Mahasiswa Akuntansi periode 2022/2023 mengucapkan selamat memperingati Hari Kemerdekaan Indonesia.  ____________________________  #HIMA2022 #HIMAFEBUBL #KBOMFEBUBL #UNIVERSITASBUDILUHUR https://t.co/fAEjgvd35c;0;0;0;0;in;1375919190;1559774397241913344;HIMAFEBUBL;https://twitter.com/HIMAFEBUBL/status/1559774397241913344,,,,,,
Tue Aug 16 17:21:24 +0000 2022;1559591164424110083;Just posted a photo @ Universitas Budi Luhur https://t.co/wnqmrbspCO;0;0;0;0;en;253746389;1559591164424110083;fti_budiluhur;https://twitter.com/fti_budiluhur/status/1559591164424110083,,,,,,
Tue Aug 16 13:35:19 +0000 2022;1559534268808056832;Universitas Budi Luhur Kenalkan Keris kepada Siswa SMA dan SMK https://t.co/ckX0CG4QJr;0;0;0;1;in;902837643024539651;1559534268808056832;medcom_id;https://twitter.com/medcom_id/status/1559534268808056832,,,,,,
Tue Aug 16 09:55:47 +0000 2022;1559479025055125504;Universitas Budi Luhur memperkenalkan keris sebagai warisan budaya bangsa. https://t.co/0kh7qWTEuR;0;0;1;3;in;22126902;1559479025055125504;republikaonline;https://twitter.com/republikaonline/status/1559479025055125504,,,,,,
Mon Aug 15 14:51:09 +0000 2022;1559190964744425472;Just posted a photo @ Universitas Budi Luhur https://t.co/hzyyhoGymo;0;0;0;0;en;253746389;1559190964744425472;fti_budiluhur;https://twitter.com/fti_budiluhur/status/1559190964744425472,,,,,,
Thu Aug 11 13:23:34 +0000 2022;1557719372550279169;Melalui acara International Volunteer Program 2022 dengan tajuk ‚ÄúWe Care, We Share‚Äù, Universitas Budi Luhur sambut hangat mahasiswa Meiji University dalam kunjungannya ke Indonesia.  https://t.co/tVnO062qsD;0;0;0;0;in;68930552;1557719372550279169;mediaindonesia;https://twitter.com/mediaindonesia/status/1557719372550279169,,,,
Thu Aug 11 09:10:35 +0000 2022;1557655708367085568;Mahasiswa Jepang Belajar Budaya Indonesia di Universitas Budi Luhur https://t.co/DotIJjYsiE;0;0;0;0;in;154102750;1557655708367085568;Beritasatu;https://twitter.com/Beritasatu/status/1557655708367085568,,,,,,
Thu Aug 11 00:58:44 +0000 2022;1557531929918210049;Narasumber:  1. Romo Agustinus Eko Wahyu Krisputranto - Ketua Komisi Keluarga Kevikepan Kedu              2. Dr. Supawi Pawenang, Dosen UNIBA Surakarta           3. Anggun Puspita Sari - Dosen Universitas Budi Luhur            Moderator : Zacky Ahmad;0;0;0;1;in;882831079513706498;1557531820794970112;MediaCenter_TMG;https://twitter.com/MediaCenter_TMG/status/1557531929918210049,,,,,
Wed Aug 10 01:34:37 +0000 2022;1557178574263705600;Just posted a photo @ Universitas Budi Luhur https://t.co/8gebTEwj0S;0;0;0;0;en;253746389;1557178574263705600;fti_budiluhur;https://twitter.com/fti_budiluhur/status/1557178574263705600,,,,,,
Tue Aug 09 20:36:04 +0000 2022;1557103438898405377;Dukung Ekonomi Kreatif Masyarakat, KKN Mahasiswa Universitas Budi Luhur Bantu Pembangunan Bank Sampah di Kecamatan Pinang, Kota Tangerang - https://t.co/9aMKIJQlbx - https://t.co/9aMKIJQlbx https://t.co/1j98nt6oq6;0;0;0;0;in;264709914;1557103438898405377;MahasiswaYeah;https://twitter.com/MahasiswaYeah/status/1557103438898405377,,,,
Tue Aug 09 12:53:36 +0000 2022;1556987058039783429;Baru saja mengirim foto @ Universitas Budi Luhur https://t.co/8JmSIap97n;0;0;0;0;in;241145172;1556987058039783429;philipchandraa;https://twitter.com/philipchandraa/status/1556987058039783429,,,,,,
Mon Aug 08 15:31:34 +0000 2022;1556664424676605953;Just posted a photo @ Universitas Budi Luhur https://t.co/5BBeCYrqSW;0;0;0;0;en;253746389;1556664424676605953;fti_budiluhur;https://twitter.com/fti_budiluhur/status/1556664424676605953,,,,,,
Mon Aug 08 07:48:03 +0000 2022;1556547775286116352;Universitas Budi Luhur Pelopor Kampus Merdeka. For more information about Merdeka Belajar visit https://t.co/01mQhC5ifa;0;0;0;1;in;1415548177432727564;1556547775286116352;xosowo1;https://twitter.com/xosowo1/status/1556547775286116352,,,,,,
Fri Aug 05 10:56:18 +0000 2022;1555507987489357824;Just posted a photo @ Universitas Budi Luhur https://t.co/f4c4ttM2Yz;0;0;0;0;en;253746389;1555507987489357824;fti_budiluhur;https://twitter.com/fti_budiluhur/status/1555507987489357824,,,,,,
Fri Aug 05 10:05:52 +0000 2022;1555495293117992961;Just posted a photo @ Universitas Budi Luhur https://t.co/ammPnujQcD;0;0;0;0;en;253746389;1555495293117992961;fti_budiluhur;https://twitter.com/fti_budiluhur/status/1555495293117992961,,,,,,
Fri Aug 05 09:42:52 +0000 2022;1555489504470769664;Just posted a photo @ Universitas Budi Luhur https://t.co/e56llMBSaA;0;0;0;0;en;253746389;1555489504470769664;fti_budiluhur;https://twitter.com/fti_budiluhur/status/1555489504470769664,,,,,,
Thu Aug 04 06:09:41 +0000 2022;1555073467737059328;[Info Lomba]   Budi Luhur  National Competition 2022,  Syarat : - Mahasiswa/i aktif D3/S1 - 1 Tim terdiri dari 3 orang - Diperbolehkan lintas jurusan atau lintas fakultas dari Universitas yang sama  Info Lengkap :  Registrasi Peserta &amp  Panduan BLNC 2022 : https://t.co/PWhgIAK3z6 https://t.co/O6377sKRZH;0;0;0;0;in;1037720432986574849;1555073467737059328;ubl_bemfti;https://twitter.com/ubl_bemfti/status/1555073467737059328,,,,,
Wed Aug 03 23:47:27 +0000 2022;1554977276999176193;Just posted a photo @ Universitas Budi Luhur https://t.co/n2HxtrYGPp;0;0;0;0;en;253746389;1554977276999176193;fti_budiluhur;https://twitter.com/fti_budiluhur/status/1554977276999176193,,,,,,
Wed Aug 03 08:57:32 +0000 2022;1554753321738518528;#komplekdeplu #kavlingdeplu #kavlingdki #kavlingpajak #universitasbudiluhur #ciledug #pondokaren #stan #deplu #rumahdijual https://t.co/ObipUrj5ve;0;0;1;1;qme;926346865242554368;1554753321738518528;mitraproperty23;https://twitter.com/mitraproperty23/status/1554753321738518528,,,,,,
Tue Aug 02 01:26:03 +0000 2022;1554277314787418112;üîäBudi Luhur National Competition (BLNC) adalah kompetisi penyelesaian kasus tingkat nasional yang dibuka untuk mahasiswa seluruh universitas di Indonesia yang bertujuan untuk mewadahi kreatifitas mahasiswa/i serta mengasah kemampuan befikir dan berkreasi.;0;0;0;0;in;173777799;1554276438807052288;himti_ubl;https://twitter.com/himti_ubl/status/1554277314787418112,,,,,,
Sun Oct 30 10:39:36 +0000 2022;1586669141737746434;guys ada yg mau bunga gak? lokasi deketnya Universitas Budi Luhur https://t.co/ywKPSV19wb;0;1;0;0;in;3944672720;1586669141737746434;eniienii3;https://twitter.com/eniienii3/status/1586669141737746434,,,,,,
Sun Oct 30 06:24:03 +0000 2022;1586604828473573376;Update Biaya Kuliah Universitas Budi Luhur 2022/2023 https://t.co/agDLWg808Z;0;0;0;0;in;1348534578609197057;1586604828473573376;BiayaTarif;https://twitter.com/BiayaTarif/status/1586604828473573376,,,,,,
Fri Oct 28 22:17:59 +0000 2022;1586120118999752704;üñïFuck Universitas Budi Luhur in Indonesia üáÆüá©;0;0;0;0;in;1291736909681696775;1586120118999752704;fuckeveryuni;https://twitter.com/fuckeveryuni/status/1586120118999752704,,,,,,
Fri Oct 28 16:04:55 +0000 2022;1586026233619513345;Just posted a photo @ Universitas Budi Luhur https://t.co/4i7jsJGs2x;0;0;0;0;en;253746389;1586026233619513345;fti_budiluhur;https://twitter.com/fti_budiluhur/status/1586026233619513345,,,,,,
Thu Oct 27 05:41:37 +0000 2022;1585506988431069184;@idextratime ku kira UBL Universitas Budi Luhur, ternyata UEFA Barca League;0;0;0;0;in;1010148433368215556;1585505062754799618;Yoimiyes_;https://twitter.com/Yoimiyes_/status/1585506988431069184,,,,,
Wed Oct 26 13:32:00 +0000 2022;1585262974800797696;Kami hanya ingin didengar..! Kita bisa benahin negara ini bareng-bareng. Mahasiswa baru Universitas Budi Luhur, Energi #PerubahanDanPerbaikan https://t.co/0jTL39TMWs  @gie_banten  #DemokratHarapanRakyat AHY Pimpin Perubahan   #AHYtheBest 16.;0;0;0;0;in;1373905664918003714;1585262974800797696;DemokratKlaten;https://twitter.com/DemokratKlaten/status/1585262974800797696,,,,,
Wed Oct 26 11:10:06 +0000 2022;1585227263142170625;Melihat Kehidupan dan Pembinaan Di Balik Tembok Penjara, Mahasiswa Pertukaran Pelajar Program Merdeka Belajar Kampus Merdeka dari Universitas Budi Luhur Kunjungi Rutan Cipinang https://t.co/deOf874oxd https://t.co/a5ULlg4qfe;0;0;0;1;in;1232626399279636480;1585227263142170625;rutan1cipinang;https://twitter.com/rutan1cipinang/status/1585227263142170625,,,,,
Wed Oct 26 11:01:41 +0000 2022;1585225145550921730;Kami hanya ingin didengar..! Mahasiswa baru Universitas Budi Luhur dlm Semangat &amp  Energi #PerubahanDanPerbaikan @pdemokratjateng https://t.co/avZ3u2BDGc  @ryorossi4689  #DemokratHarapanRakyat AHY Pimpin Perubahan   #AHYtheBest 40.;1;0;1;3;in;1373898148532285443;1585225145550921730;PeDeMilenial;https://twitter.com/PeDeMilenial/status/1585225145550921730,,,,,,
Wed Oct 26 11:01:37 +0000 2022;1585225130388881408;Kita bisa benahin negara ini bareng-bareng. Mahasiswa baru Universitas Budi Luhur dlm Semangat &amp  Energi #PerubahanDanPerbaikan @pdemokratjateng https://t.co/avZ3u2kAEc  @GantenkBagas  #DemokratHarapanRakyat AHY Pimpin Perubahan   #AHYtheBest 40.;0;0;1;2;in;1373898148532285443;1585225130388881408;PeDeMilenial;https://twitter.com/PeDeMilenial/status/1585225130388881408,,,,,,
Wed Oct 26 10:34:12 +0000 2022;1585218228749762561;Kami hanya ingin didengar! Kita bisa benahin negara ini bareng-bareng. Mahasiswa baru Universitas Budi Luhur dlm Semangat #PerubahanDanPerbaikan https://t.co/nyk8x1Zkfc  @FahsaZia  AHY Pimpin Perubahan  #DemokratHarapanRakyat  #AHYtheBest 44.;0;0;0;0;in;636751889;1585218228749762561;OliaLaviza;https://twitter.com/OliaLaviza/status/1585218228749762561,,,,,,
Wed Oct 26 10:33:03 +0000 2022;1585217939824791557;Kami hanya ingin didengar! Mahasiswa baru Universitas Budi Luhur dlm Semangat &amp  Energi #PerubahanDanPerbaikan @pdemokratjateng https://t.co/nyk8x2gnhc  @AjengCute16__  @sahabatibas  AHY Pimpin Perubahan  #DemokratHarapanRakyat  #AHYtheBest 43.;0;0;0;0;in;636751889;1585217939824791557;OliaLaviza;https://twitter.com/OliaLaviza/status/1585217939824791557,,,,,,
Wed Oct 26 10:32:53 +0000 2022;1585217898817400833;Kami hanya ingin didengar! Mahasiswa baru Universitas Budi Luhur dlm Semangat &amp  Energi #PerubahanDanPerbaikan @pdemokratjateng https://t.co/nyk8x1Zkfc  AHY Pimpin Perubahan  #DemokratHarapanRakyat  #AHYtheBest 43.;0;0;0;0;in;636751889;1585217898817400833;OliaLaviza;https://twitter.com/OliaLaviza/status/1585217898817400833,,,,,,
Wed Oct 19 09:42:30 +0000 2022;1582668501764169729;Kita bisa benahin negara ini bareng-bareng. Mahasiswa baru Universitas Budi Luhur dlm Semangat &amp  Energi #PerubahanDanPerbaikan @pdemokratjateng https://t.co/vis6rBqtAi  @Yudi94120768  @domu95  AHY Pemimpin Perubahan  #DemokratBersamaRakyat 2024 Bareng Demokrat .33;0;0;0;0;in;1516437613942833157;1582668501764169729;AHYforNKRI;https://twitter.com/AHYforNKRI/status/1582668501764169729,,,,,,
Wed Oct 19 09:42:22 +0000 2022;1582668471112175617;Kita bisa benahin negara ini bareng-bareng. Mahasiswa baru Universitas Budi Luhur dlm Semangat &amp  Energi #PerubahanDanPerbaikan @pdemokratjateng https://t.co/vis6rBqtAi  AHY Pemimpin Perubahan  #DemokratBersamaRakyat 2024 Bareng Demokrat .33;0;0;0;0;in;1516437613942833157;1582668471112175617;AHYforNKRI;https://twitter.com/AHYforNKRI/status/1582668471112175617,,,,,,
Wed Oct 19 09:33:02 +0000 2022;1582666123064942597;Kita bisa benahin negara ini bareng-bareng. Mahasiswa baru Universitas Budi Luhur dlm Semangat &amp  Energi #PerubahanDanPerbaikan @pdemokratjateng https://t.co/lC8IhvlnLi  @trimenharefa  AHY Pemimpin Perubahan  #DemokratBersamaRakyat 2024 Bareng Demokrat .28;0;0;0;0;in;196263235;1582666123064942597;PetrukTobat;https://twitter.com/PetrukTobat/status/1582666123064942597,,,,,,
Wed Oct 19 09:32:32 +0000 2022;1582665994383695872;Kita bisa benahin negara ini bareng-bareng. Mahasiswa baru Universitas Budi Luhur dlm Semangat &amp  Energi #PerubahanDanPerbaikan @pdemokratjateng https://t.co/lC8IhvlnLi  @YayanANugraha  @DidikMukrianto  AHY Pemimpin Perubahan  #DemokratBersamaRakyat 2024 Bareng Demokrat .28;0;0;0;0;in;196263235;1582665994383695872;PetrukTobat;https://twitter.com/PetrukTobat/status/1582665994383695872,,,,,,
Sat Dec 17 23:45:00 +0000 2022;1604261408790675457;Tim dosen Universitas Budi Luhur membuat virtual wisata Gunung Padang, Cianjur, Jawa Barat. Wisata Gunung Padang dipilih karena menjadi salah satu destinasi yang cukup terdampak covid-19, sehingga sepi pengunjung.  #MedcomID  https://t.co/CuUGAZY0lE;0;0;0;0;in;902837643024539651;1604261408790675457;medcom_id;https://twitter.com/medcom_id/status/1604261408790675457,,,
Sat Dec 17 11:45:00 +0000 2022;1604080214757314560;Tim dosen Universitas Budi Luhur membuat virtual wisata Gunung Padang, Cianjur, Jawa Barat. Wisata Gunung Padang dipilih karena menjadi salah satu destinasi yang cukup terdampak covid-19, sehingga sepi pengunjung.  #MedcomID  https://t.co/CuUGAZY0lE;0;0;0;0;in;902837643024539651;1604080214757314560;medcom_id;https://twitter.com/medcom_id/status/1604080214757314560,,,
Fri Dec 16 04:46:33 +0000 2022;1603612522564964353;Assalamualaikum, halo sobat.  LDK Al-Azzam, Universitas Budi Luhur mempersembahkan, seminar Umum  Link pendaftaran : https://t.co/wRQSANxBlN #ustadzhawaariyyun #seminarumum #seminar #universitasbudiluhur #ldkalazzam #karenakitabersaudara https://t.co/Ga3Sab3eNN;0;0;0;1;in;1418220745205829651;1603612522564964353;JArliyana;https://twitter.com/JArliyana/status/1603612522564964353,,,
Wed Dec 14 09:37:57 +0000 2022;1602961079272820736;Kami hanya ingin didengar! Kita bisa benahin negara ini bareng-bareng. Mahasiswa baru Universitas Budi Luhur dlm Semangat #PerubahanDanPerbaikan https://t.co/50xL0WnVEt  @SebastianEdo4  #DemokratS14P AHY Pemimpin Perubahan #BerjuangBarengAHY 32.;0;0;1;1;in;1437796400700477447;1602961079272820736;riana_krisnata;https://twitter.com/riana_krisnata/status/1602961079272820736,,,,,,
Wed Dec 14 09:37:34 +0000 2022;1602960982900633600;Kami hanya ingin didengar! Kita bisa benahin negara ini bareng-bareng. Mahasiswa baru Universitas Budi Luhur dlm Semangat #PerubahanDanPerbaikan https://t.co/50xL0W6SCt  @madamaryanda  @DemokratBangka6  #DemokratS14P AHY Pemimpin Perubahan #BerjuangBarengAHY 32.;0;0;0;0;in;1437796400700477447;1602960982900633600;riana_krisnata;https://twitter.com/riana_krisnata/status/1602960982900633600,,,,,,
Wed Dec 14 09:37:12 +0000 2022;1602960890201985024;Kami hanya ingin didengar! Kita bisa benahin negara ini bareng-bareng. Mahasiswa baru Universitas Budi Luhur dlm Semangat #PerubahanDanPerbaikan https://t.co/50xL0WnVEt  @DemokratBangka6  #DemokratS14P AHY Pemimpin Perubahan #BerjuangBarengAHY 32.;0;0;0;0;in;1437796400700477447;1602960890201985024;riana_krisnata;https://twitter.com/riana_krisnata/status/1602960890201985024,,,,,,
Wed Dec 14 09:12:14 +0000 2022;1602954606790656000;Kami hanya ingin didengar! Mahasiswa baru Universitas Budi Luhur dlm Semangat &amp  Energi #PerubahanDanPerbaikan @pdemokratjateng https://t.co/7WrJYJOo8C  @wahyudikadol  #DemokratS14P AHY Pemimpin Perubahan #BerjuangBarengAHY 05.;0;0;0;0;in;1363429958;1602954606790656000;SAi_maSiPhuL;https://twitter.com/SAi_maSiPhuL/status/1602954606790656000,,,,,,
Wed Dec 14 09:11:13 +0000 2022;1602954353165455360;Kami hanya ingin didengar! Mahasiswa baru Universitas Budi Luhur dlm Semangat &amp  Energi #PerubahanDanPerbaikan @pdemokratjateng https://t.co/7WrJYK5Zxc  @wahyudikadol  #DemokratS14P AHY Pemimpin Perubahan #BerjuangBarengAHY 05.;0;0;0;0;in;1363429958;1602954353165455360;SAi_maSiPhuL;https://twitter.com/SAi_maSiPhuL/status/1602954353165455360,,,,,,
Wed Dec 14 08:56:19 +0000 2022;1602950600261455874;@kerdusadidass Universitas Budi Luhur??;0;1;0;0;in;323810023;1602675989942652928;itswe2716;https://twitter.com/itswe2716/status/1602950600261455874,,,,,,
Tue Dec 13 16:44:42 +0000 2022;1602706086523699201;Just posted a photo @ Universitas Budi Luhur https://t.co/pRTyxVNDeH;0;0;0;0;en;253746389;1602706086523699201;fti_budiluhur;https://twitter.com/fti_budiluhur/status/1602706086523699201,,,,,,
Tue Dec 13 16:30:53 +0000 2022;1602702610032640001;Just posted a photo @ Universitas Budi Luhur https://t.co/N7BXuaoWBw;0;0;0;0;en;253746389;1602702610032640001;fti_budiluhur;https://twitter.com/fti_budiluhur/status/1602702610032640001,,,,,,
Tue Dec 13 13:11:46 +0000 2022;1602652500288368640;74.KAKANWIL KEMENKUMHAM JATENG A YUSPAHRUDDIN: Lagi-lagi, Lapas Permisan Nusakambangan Jadi Tujuan Studi Mahasiswa Ilmu Sosial dan Ilmu Politik Universitas Budi Luhur https://t.co/fu9SLLw6rx;0;0;0;0;in;993663424306429952;1602652500288368640;purworejo_rutan;https://twitter.com/purworejo_rutan/status/1602652500288368640,,,,,
Tue Dec 13 13:11:37 +0000 2022;1602652461377806337;72.KAKANWIL KEMENKUMHAM JATENG A YUSPAHRUDDIN: Lagi-lagi, Lapas Permisan Nusakambangan Jadi Tujuan Studi Mahasiswa Ilmu Sosial dan Ilmu Politik Universitas Budi Luhur https://t.co/O4NPi03ZCf;0;0;0;0;in;993663424306429952;1602652461377806337;purworejo_rutan;https://twitter.com/purworejo_rutan/status/1602652461377806337,,,,,
Sun Dec 18 00:05:40 +0000 2022;1604266611464146944;Solusi wisata Gunung Padang yang mengalami pengunjung wisata penurunan drastis, Putri Suryandari seorang guru besar (dosen) dari Prodi Arsitektur Universitas Budi Luhur (UBL)mengungkapkan adanya penurunan wisatawan mancanegara. #gunungpadang  https://t.co/xFDrGdEDv7 https://t.co/lRLDpyuC8A;0;0;1;0;in;1432910370927091718;1604266611464146944;salingkamedia;https://twitter.com/salingkamedia/status/1604266611464146944,,,,,
Sat Dec 17 23:45:00 +0000 2022;1604261408790675457;Tim dosen Universitas Budi Luhur membuat virtual wisata Gunung Padang, Cianjur, Jawa Barat. Wisata Gunung Padang dipilih karena menjadi salah satu destinasi yang cukup terdampak covid-19, sehingga sepi pengunjung.  #MedcomID  https://t.co/CuUGAZY0lE;0;0;0;0;in;902837643024539651;1604261408790675457;medcom_id;https://twitter.com/medcom_id/status/1604261408790675457,,,
Sat Dec 17 11:45:00 +0000 2022;1604080214757314560;Tim dosen Universitas Budi Luhur membuat virtual wisata Gunung Padang, Cianjur, Jawa Barat. Wisata Gunung Padang dipilih karena menjadi salah satu destinasi yang cukup terdampak covid-19, sehingga sepi pengunjung.  #MedcomID  https://t.co/CuUGAZY0lE;0;0;0;0;in;902837643024539651;1604080214757314560;medcom_id;https://twitter.com/medcom_id/status/1604080214757314560,,,
Fri Dec 16 04:46:33 +0000 2022;1603612522564964353;Assalamualaikum, halo sobat.  LDK Al-Azzam, Universitas Budi Luhur mempersembahkan, seminar Umum  Link pendaftaran : https://t.co/wRQSANxBlN #ustadzhawaariyyun #seminarumum #seminar #universitasbudiluhur #ldkalazzam #karenakitabersaudara https://t.co/Ga3Sab3eNN;0;0;0;1;in;1418220745205829651;1603612522564964353;JArliyana;https://twitter.com/JArliyana/status/1603612522564964353,,,
Wed Dec 14 09:37:57 +0000 2022;1602961079272820736;Kami hanya ingin didengar! Kita bisa benahin negara ini bareng-bareng. Mahasiswa baru Universitas Budi Luhur dlm Semangat #PerubahanDanPerbaikan https://t.co/50xL0WnVEt  @SebastianEdo4  #DemokratS14P AHY Pemimpin Perubahan #BerjuangBarengAHY 32.;0;0;1;1;in;1437796400700477447;1602961079272820736;riana_krisnata;https://twitter.com/riana_krisnata/status/1602961079272820736,,,,,,
Wed Dec 14 09:37:34 +0000 2022;1602960982900633600;Kami hanya ingin didengar! Kita bisa benahin negara ini bareng-bareng. Mahasiswa baru Universitas Budi Luhur dlm Semangat #PerubahanDanPerbaikan https://t.co/50xL0W6SCt  @madamaryanda  @DemokratBangka6  #DemokratS14P AHY Pemimpin Perubahan #BerjuangBarengAHY 32.;0;0;0;0;in;1437796400700477447;1602960982900633600;riana_krisnata;https://twitter.com/riana_krisnata/status/1602960982900633600,,,,,,
Wed Dec 14 09:37:12 +0000 2022;1602960890201985024;Kami hanya ingin didengar! Kita bisa benahin negara ini bareng-bareng. Mahasiswa baru Universitas Budi Luhur dlm Semangat #PerubahanDanPerbaikan https://t.co/50xL0WnVEt  @DemokratBangka6  #DemokratS14P AHY Pemimpin Perubahan #BerjuangBarengAHY 32.;0;0;0;0;in;1437796400700477447;1602960890201985024;riana_krisnata;https://twitter.com/riana_krisnata/status/1602960890201985024,,,,,,
Wed Dec 14 09:12:14 +0000 2022;1602954606790656000;Kami hanya ingin didengar! Mahasiswa baru Universitas Budi Luhur dlm Semangat &amp  Energi #PerubahanDanPerbaikan @pdemokratjateng https://t.co/7WrJYJOo8C  @wahyudikadol  #DemokratS14P AHY Pemimpin Perubahan #BerjuangBarengAHY 05.;0;0;0;0;in;1363429958;1602954606790656000;SAi_maSiPhuL;https://twitter.com/SAi_maSiPhuL/status/1602954606790656000,,,,,,
Wed Dec 14 09:11:13 +0000 2022;1602954353165455360;Kami hanya ingin didengar! Mahasiswa baru Universitas Budi Luhur dlm Semangat &amp  Energi #PerubahanDanPerbaikan @pdemokratjateng https://t.co/7WrJYK5Zxc  @wahyudikadol  #DemokratS14P AHY Pemimpin Perubahan #BerjuangBarengAHY 05.;0;0;0;0;in;1363429958;1602954353165455360;SAi_maSiPhuL;https://twitter.com/SAi_maSiPhuL/status/1602954353165455360,,,,,,
Wed Dec 14 08:56:19 +0000 2022;1602950600261455874;@kerdusadidass Universitas Budi Luhur??;0;1;0;0;in;323810023;1602675989942652928;itswe2716;https://twitter.com/itswe2716/status/1602950600261455874,,,,,,
Tue Dec 13 16:44:42 +0000 2022;1602706086523699201;Just posted a photo @ Universitas Budi Luhur https://t.co/pRTyxVNDeH;0;0;0;0;en;253746389;1602706086523699201;fti_budiluhur;https://twitter.com/fti_budiluhur/status/1602706086523699201,,,,,,
Tue Dec 13 16:30:53 +0000 2022;1602702610032640001;Just posted a photo @ Universitas Budi Luhur https://t.co/N7BXuaoWBw;0;0;0;0;en;253746389;1602702610032640001;fti_budiluhur;https://twitter.com/fti_budiluhur/status/1602702610032640001,,,,,,
Tue Dec 13 13:11:46 +0000 2022;1602652500288368640;74.KAKANWIL KEMENKUMHAM JATENG A YUSPAHRUDDIN: Lagi-lagi, Lapas Permisan Nusakambangan Jadi Tujuan Studi Mahasiswa Ilmu Sosial dan Ilmu Politik Universitas Budi Luhur https://t.co/fu9SLLw6rx;0;0;0;0;in;993663424306429952;1602652500288368640;purworejo_rutan;https://twitter.com/purworejo_rutan/status/1602652500288368640,,,,,
Tue Dec 13 13:11:37 +0000 2022;1602652461377806337;72.KAKANWIL KEMENKUMHAM JATENG A YUSPAHRUDDIN: Lagi-lagi, Lapas Permisan Nusakambangan Jadi Tujuan Studi Mahasiswa Ilmu Sosial dan Ilmu Politik Universitas Budi Luhur https://t.co/O4NPi03ZCf;0;0;0;0;in;993663424306429952;1602652461377806337;purworejo_rutan;https://twitter.com/purworejo_rutan/status/1602652461377806337,,,,,
